Gm#,Date,,Tm,,Opp,W/L,R,RA,Inn,W-L,Rank,GB,Win,Loss,Save,Time,D/N,Attendance,Streak,Orig. Scheduled
1,Thursday Mar 29,boxscore,LAD,,SFG,L,0,1,,0-1,3,1,Blach,Kershaw,Strickland,2:55,D,53595,-,
2,Friday Mar 30,boxscore,LAD,,SFG,L,0,1,,0-2,3,2,Watson,Jansen,Strickland,2:23,N,53478,--,
3,Saturday Mar 31,boxscore,LAD,,SFG,W,5,0,,2-Jan,3,1,Maeda,Holland,,2:43,N,45938,+,
4,Sunday Apr 1,boxscore,LAD,,SFG,W,9,0,,2-Feb,2,0.5,Hill,Stratton,,2:47,N,41866,++,
5,Monday Apr 2,boxscore,LAD,@,ARI,L-wo,7,8,15,3-Feb,4,1.5,Salas,Font,,5:46,N,21735,-,
6,Tuesday Apr 3,boxscore,LAD,@,ARI,L,1,6,,4-Feb,4,2.5,Godley,Kershaw,,2:48,N,27574,--,
7,Wednesday Apr 4,boxscore,LAD,@,ARI,L,0,3,,5-Feb,4,3.5,Corbin,Wood,Boxberger,2:25,D,25754,---,
8,Saturday Apr 7,boxscore,LAD,@,SFG,L-wo,5,7,14,6-Feb,4,4,Gomez,Font,,5:16,D,42308,----,
9,Sunday Apr 8,boxscore,LAD,@,SFG,W,2,1,10,6-Mar,4,4,Fields,Johnson,Jansen,3:04,D,42374,+,
10,Tuesday Apr 10,boxscore,LAD,,OAK,W,4,0,,6-Apr,3,3.5,Ryu,Manaea,Jansen,2:49,N,41243,++,
11,Wednesday Apr 11,boxscore,LAD,,OAK,L,6,16,,7-Apr,4,4.5,Mengden,Wood,,3:50,N,49394,-,
12,Friday Apr 13,boxscore,LAD,,ARI,L,7,8,,8-Apr,4,5.5,Greinke,Maeda,Boxberger,3:30,N,43791,--,
13,Saturday Apr 14,boxscore,LAD,,ARI,L,1,9,,9-Apr,5,6.5,McFarland,Hill,,3:10,N,44306,---,
14,Sunday Apr 15,boxscore,LAD,,ARI,W,7,2,,9-May,5,5.5,Kershaw,Godley,,3:09,D,47527,+,
15,Monday Apr 16,boxscore,LAD,@,SDP,W,10,3,,9-Jun,3,5,Ryu,Erlin,,2:50,N,23082,++,
16,Tuesday Apr 17,boxscore,LAD,@,SDP,W,7,3,12,9-Jul,3,5,Alexander,Webb,,4:12,N,22959,+++,
17,Wednesday Apr 18,boxscore,LAD,@,SDP,W,13,4,,9-Aug,3,4,Maeda,Perdomo,,3:26,N,23748,++++,
18,Friday Apr 20,boxscore,LAD,,WSN,L,2,5,,10-Aug,3,4.5,Scherzer,Kershaw,Doolittle,3:09,N,50211,-,
19,Saturday Apr 21,boxscore,LAD,,WSN,W,4,0,,10-Sep,3,4.5,Ryu,Strasburg,,2:29,N,50908,+,
20,Sunday Apr 22,boxscore,LAD,,WSN,W,4,3,,10-Oct,3,4.5,Fields,Gott,Jansen,3:21,N,51297,++,
21,Monday Apr 23,boxscore,LAD,,MIA,W,2,1,,10-Nov,2,4,Liberatore,Barraclough,Fields,2:59,N,46909,+++,
22,Tuesday Apr 24,boxscore,LAD,,MIA,L,2,3,,11-Nov,3,5,Steckenrider,Baez,Ziegler,3:06,N,39284,-,
23,Wednesday Apr 25,boxscore,LAD,,MIA,L,6,8,,12-Nov,3,5,Gonzalez,Kershaw,,3:54,D,39004,--,
24,Friday Apr 27,boxscore,LAD,@,SFG,L,4,6,,13-Nov,4,6.5,Dyson,Cingrani,Strickland,3:27,N,41936,---,
25,Saturday Apr 28 (1),boxscore,LAD,@,SFG,W,15,6,,13-Dec,4,7,Buehler,Stratton,,3:53,D,41809,+,
26,Saturday Apr 28 (2),boxscore,LAD,@,SFG,L,3,8,,14-Dec,4,7,Cueto,Wood,,2:58,N,40608,-,
27,Sunday Apr 29,boxscore,LAD,@,SFG,L,2,4,,15-Dec,4,7,Blach,Maeda,Strickland,2:40,D,42020,--,
28,Monday Apr 30,boxscore,LAD,@,ARI,L,5,8,,16-Dec,4,8,Greinke,Stripling,Boxberger,3:27,N,17562,---,
29,Tuesday May 1,boxscore,LAD,@,ARI,L,3,4,,17-Dec,4,9,Bracho,Liberatore,Boxberger,3:12,N,18940,----,
30,Wednesday May 2,boxscore,LAD,@,ARI,W,2,1,,13-17,4,8,Hudson,Godley,Jansen,3:12,N,19531,+,
31,Thursday May 3,boxscore,LAD,@,ARI,W,5,2,,14-17,4,7,Chargois,Salas,Jansen,3:17,D,21407,++,
32,Friday May 4,boxscore,LAD,@,SDP,W,4,0,,15-17,4,6,Buehler,Lucchesi,,3:07,N,21536,+++,
33,Saturday May 5,boxscore,LAD,@,SDP,L,4,7,,15-18,4,7,Yates,Fields,Hand,3:26,N,21791,-,
34,Sunday May 6,boxscore,LAD,@,SDP,L,0,3,,15-19,4,8,Lauer,Cingrani,Hand,3:10,D,21789,--,
35,Tuesday May 8,boxscore,LAD,,ARI,L,5,8,12,15-20,4,9,McFarland,Garcia,,4:29,N,45894,---,
36,Wednesday May 9,boxscore,LAD,,ARI,W,6,3,,16-20,4,8,Baez,Salas,Jansen,3:48,N,45600,+,
37,Thursday May 10,boxscore,LAD,,CIN,L,1,4,,16-21,4,8,Mahle,Buehler,Iglesias,2:59,N,47383,-,
38,Friday May 11,boxscore,LAD,,CIN,L,2,6,,16-22,4,8,Brice,Maeda,Iglesias,3:28,N,46979,--,
39,Saturday May 12,boxscore,LAD,,CIN,L,3,5,,16-23,4,8,Bailey,Chargois,Hughes,3:17,N,49911,---,
40,Sunday May 13,boxscore,LAD,,CIN,L,3,5,,16-24,4,8,Castillo,Hill,Iglesias,2:55,D,44787,----,
41,Tuesday May 15,boxscore,LAD,@,MIA,L,2,4,,16-25,4,8.5,Wittgren,Wood,Ziegler,2:54,N,6242,-----,
42,Wednesday May 16,boxscore,LAD,@,MIA,L,5,6,,16-26,4,8.5,Steckenrider,Baez,Ziegler,3:01,N,5721,------,
43,Thursday May 17,boxscore,LAD,@,MIA,W,7,0,,17-26,4,8,Maeda,Smith,,3:06,D,13820,+,
44,Saturday May 19 (1),boxscore,LAD,@,WSN,W,4,1,,18-26,4,6,Stripling,Roark,Jansen,3:00,D,26740,++,
45,Saturday May 19 (2),boxscore,LAD,@,WSN,W,5,4,,19-26,4,6,Goeddel,Doolittle,Jansen,3:27,N,32378,+++,
46,Sunday May 20,boxscore,LAD,@,WSN,W,7,2,,20-26,4,5,Wood,Strasburg,Fields,3:08,D,40201,++++,
47,Monday May 21,boxscore,LAD,,COL,L,1,2,,20-27,4,5.5,Marquez,Baez,Davis,2:35,N,42805,-,
48,Tuesday May 22,boxscore,LAD,,COL,W,5,3,,21-27,4,4.5,Chargois,Shaw,Jansen,2:48,N,43719,+,
49,Wednesday May 23,boxscore,LAD,,COL,W,3,0,,22-27,4,3.5,Maeda,Freeland,Jansen,2:38,N,45884,++,
50,Friday May 25,boxscore,LAD,,SDP,W,4,1,,23-27,4,3.5,Stripling,Richard,Jansen,2:26,N,44612,+++,
51,Saturday May 26,boxscore,LAD,,SDP,L,5,7,,23-28,4,3.5,Stammen,Hudson,Hand,3:12,N,43920,-,
52,Sunday May 27,boxscore,LAD,,SDP,W,6,1,,24-28,4,3.5,Buehler,Cimber,,2:26,D,46650,+,
53,Monday May 28,boxscore,LAD,,PHI,W,5,4,,25-28,3,3.5,Garcia,Morgan,Jansen,3:32,N,39759,++,
54,Tuesday May 29,boxscore,LAD,,PHI,L,1,6,,25-29,3,4.5,Arrieta,Maeda,,3:26,N,40044,-,
55,Wednesday May 30,boxscore,LAD,,PHI,W,8,2,,26-29,3,3.5,Stripling,Eflin,,3:03,N,43302,+,
56,Thursday May 31,boxscore,LAD,,PHI,L,1,2,,26-30,3,4,Nola,Fields,Dominguez,2:40,D,40986,-,
57,Friday Jun 1,boxscore,LAD,@,COL,W,11,8,,27-30,3,3,Santana,Pounders,Jansen,3:36,N,42711,+,
58,Saturday Jun 2,boxscore,LAD,@,COL,W,12,4,,28-30,3,2.5,Baez,Shaw,,3:25,N,47703,++,
59,Sunday Jun 3,boxscore,LAD,@,COL,W,10,7,,29-30,3,2.5,Cingrani,Davis,Jansen,3:43,D,41851,+++,
60,Tuesday Jun 5,boxscore,LAD,@,PIT,W,5,0,,30-30,3,2,Stripling,Musgrove,,3:01,N,12879,++++,
61,Wednesday Jun 6,boxscore,LAD,@,PIT,L,9,11,,30-31,4,2,Brault,Hudson,Vazquez,3:48,N,14327,-,
62,Thursday Jun 7,boxscore,LAD,@,PIT,W,8,7,,31-31,3,1.5,Baez,Taillon,Jansen,3:37,D,19713,+,
63,Friday Jun 8,boxscore,LAD,,ATL,W,7,3,,32-31,2,1.5,Buehler,McCarthy,,2:52,N,47262,++,
64,Saturday Jun 9,boxscore,LAD,,ATL,L,3,5,,32-32,2,2.5,Sanchez,Wood,Vizcaino,3:11,N,52718,-,
65,Sunday Jun 10,boxscore,LAD,,ATL,W,7,2,,33-32,2,2.5,Stripling,Newcomb,,2:37,D,47711,+,
66,Tuesday Jun 12,boxscore,LAD,,TEX,W,12,5,,34-32,2,3,Paredes,Colon,Corcino,3:08,N,48233,++,
67,Wednesday Jun 13,boxscore,LAD,,TEX,W-wo,3,2,11,35-32,2,2,Liberatore,Chavez,,3:49,N,41303,+++,
68,Friday Jun 15,boxscore,LAD,,SFG,W,3,2,,36-32,2,2.5,Stripling,Holland,Jansen,2:53,N,53433,++++,
69,Saturday Jun 16,boxscore,LAD,,SFG,W,3,1,,37-32,2,1.5,Wood,Bumgarner,Jansen,2:50,N,53706,+++++,
70,Sunday Jun 17,boxscore,LAD,,SFG,L,1,4,,37-33,2,1.5,Stratton,Ferguson,,2:54,D,49541,-,
71,Tuesday Jun 19 (1),boxscore,LAD,@,CHC,W,4,3,,38-33,2,1.5,Paredes,Wilson,Jansen,3:46,D,39273,+,
72,Tuesday Jun 19 (2),boxscore,LAD,@,CHC,L-wo,1,2,10,38-34,2,1.5,Zastryzny,Stewart,,3:19,N,40409,-,
73,Wednesday Jun 20,boxscore,LAD,@,CHC,L,0,4,,38-35,2,2,Lester,Stripling,,2:46,D,41199,--,
74,Friday Jun 22,boxscore,LAD,@,NYM,W,5,2,,39-35,2,2.5,Wood,Wheeler,Jansen,2:40,N,32565,+,
75,Saturday Jun 23,boxscore,LAD,@,NYM,W,8,3,,40-35,2,2.5,Ferguson,deGrom,,3:01,N,37705,++,
76,Sunday Jun 24,boxscore,LAD,@,NYM,W,8,7,11,41-35,2,2.5,Hudson,Flexen,,3:50,D,34060,+++,
77,Monday Jun 25,boxscore,LAD,,CHC,W,2,1,,42-35,2,1.5,Maeda,Underwood,Jansen,2:32,N,41750,++++,
78,Tuesday Jun 26,boxscore,LAD,,CHC,L,4,9,,42-36,2,2.5,Lester,Garcia,,3:26,N,53904,-,
79,Wednesday Jun 27,boxscore,LAD,,CHC,W,7,5,,43-36,2,2.5,Wood,Hendricks,Jansen,3:08,N,42121,+,
80,Thursday Jun 28,boxscore,LAD,,CHC,L,5,11,,43-37,2,3.5,Cishek,Buehler,,3:03,D,52187,-,
81,Friday Jun 29,boxscore,LAD,,COL,L,1,3,,43-38,2,3.5,Anderson,Hill,Davis,2:39,N,41909,--,
82,Saturday Jun 30,boxscore,LAD,,COL,L,1,3,,43-39,2,3.5,Marquez,Maeda,Ottavino,2:39,D,46172,---,
83,Sunday Jul 1,boxscore,LAD,,COL,W,6,4,,44-39,2,2.5,Hudson,Ottavino,Jansen,3:00,D,45725,+,
84,Monday Jul 2,boxscore,LAD,,PIT,W,17,1,,45-39,2,1.5,Wood,Kingham,Ferguson,3:20,N,45207,++,
85,Tuesday Jul 3,boxscore,LAD,,PIT,W,8,3,,46-39,2,1.5,Kershaw,Nova,,2:57,N,48819,+++,
86,Wednesday Jul 4,boxscore,LAD,,PIT,W,6,4,,47-39,2,0.5,Hill,Holmes,Jansen,3:23,N,53139,++++,
87,Friday Jul 6,boxscore,LAD,@,LAA,L-wo,2,3,,47-40,2,1,Parker,Jansen,,3:12,N,44323,-,
88,Saturday Jul 7,boxscore,LAD,@,LAA,W,3,1,,48-40,2,1,Stripling,Cole,Jansen,3:18,D,44409,+,
89,Sunday Jul 8,boxscore,LAD,@,LAA,L,3,4,,48-41,2,1,Heaney,Chargois,Anderson,2:39,N,42213,-,
90,Monday Jul 9,boxscore,LAD,@,SDP,W,8,2,,49-41,2,0.5,Kershaw,Perdomo,,2:50,N,28110,+,
91,Tuesday Jul 10,boxscore,LAD,@,SDP,L,1,4,,49-42,2,1.5,Lauer,Hill,,2:18,N,26272,-,
92,Wednesday Jul 11,boxscore,LAD,@,SDP,W,4,2,,50-42,2,0.5,Maeda,Lucchesi,Jansen,3:18,N,26448,+,
93,Thursday Jul 12,boxscore,LAD,@,SDP,W,3,2,,51-42,1,up 0.5,Stripling,Ross,Jansen,3:14,N,29595,++,
94,Friday Jul 13,boxscore,LAD,,LAA,W,3,2,,52-42,1,up 0.5,Ferguson,Bedrosian,Alexander,3:13,N,53368,+++,
95,Saturday Jul 14,boxscore,LAD,,LAA,L,4,5,10,52-43,2,0.5,Alvarez,Jansen,,3:47,D,53797,-,
96,Sunday Jul 15,boxscore,LAD,,LAA,W,5,3,,53-43,1,up 0.5,Maeda,Cole,Jansen,3:10,D,47871,+,
97,Friday Jul 20,boxscore,LAD,@,MIL,W,6,4,,54-43,1,up 1.5,Hill,Williams,Jansen,3:07,N,36812,++,
98,Saturday Jul 21,boxscore,LAD,@,MIL,L,2,4,,54-44,1,up 1.0,Burnes,Kershaw,Knebel,3:15,N,36242,-,
99,Sunday Jul 22,boxscore,LAD,@,MIL,W,11,2,,55-44,1,up 1.5,Wood,Suter,Ferguson,2:59,D,38249,+,
100,Monday Jul 23,boxscore,LAD,@,PHI,W,7,6,,56-44,1,up 1.5,Alexander,Dominguez,Jansen,3:43,N,33753,++,
101,Tuesday Jul 24,boxscore,LAD,@,PHI,L-wo,4,7,16,56-45,1,up 0.5,Velasquez,Hernandez,,5:55,N,35028,-,
102,Wednesday Jul 25,boxscore,LAD,@,PHI,L,3,7,,56-46,1,up 0.5,Arrieta,Buehler,Dominguez,2:58,D,35659,--,
103,Thursday Jul 26,boxscore,LAD,@,ATL,W,8,2,,57-46,1,up 1.5,Hill,Sanchez,,2:55,N,40706,+,
104,Friday Jul 27,boxscore,LAD,@,ATL,W,4,1,,58-46,1,up 1.5,Kershaw,Foltynewicz,Jansen,2:51,N,41647,++,
105,Saturday Jul 28,boxscore,LAD,@,ATL,W,5,1,,59-46,1,up 1.5,Wood,Fried,,3:22,N,41758,+++,
106,Sunday Jul 29,boxscore,LAD,@,ATL,L,1,4,,59-47,1,up 0.5,Newcomb,Stripling,,2:47,D,40303,-,
107,Monday Jul 30,boxscore,LAD,,MIL,L,2,5,,59-48,1,up 0.5,Hader,Maeda,,3:44,N,44933,--,
108,Tuesday Jul 31,boxscore,LAD,,MIL,L,0,1,,59-49,2,0.5,Miley,Buehler,Jeffress,2:17,N,44818,---,
109,Wednesday Aug 1,boxscore,LAD,,MIL,W-wo,6,4,10,60-49,1,Tied,Floro,Albers,,3:19,N,41686,+,
110,Thursday Aug 2,boxscore,LAD,,MIL,W,21,5,,61-49,1,up 1.0,Kershaw,Chacin,,3:42,N,45087,++,
111,Friday Aug 3,boxscore,LAD,,HOU,L,1,2,,61-50,1,Tied,Verlander,Wood,Rondon,2:59,N,53598,-,
112,Saturday Aug 4,boxscore,LAD,,HOU,L,0,14,,61-51,2,1,Peacock,Maeda,,3:37,N,53119,--,
113,Sunday Aug 5,boxscore,LAD,,HOU,W,3,2,,62-51,1,Tied,Buehler,Cole,Jansen,2:54,D,50628,+,
114,Tuesday Aug 7,boxscore,LAD,@,OAK,W,4,2,,63-51,1,up 0.5,Hill,Manaea,Jansen,3:21,N,33654,++,
115,Wednesday Aug 8,boxscore,LAD,@,OAK,L,2,3,,63-52,2,0.5,Familia,Chargois,Treinen,3:00,N,32062,-,
116,Thursday Aug 9,boxscore,LAD,@,COL,W,8,5,,64-52,1,Tied,Ferguson,Davis,Alexander,3:29,N,43076,+,
117,Friday Aug 10,boxscore,LAD,@,COL,L,4,5,,64-53,1,Tied,McGee,Rosscup,Ottavino,3:31,N,42184,-,
118,Saturday Aug 11,boxscore,LAD,@,COL,L-wo,2,3,,64-54,1,Tied,Shaw,Chargois,,2:54,N,47633,--,
119,Sunday Aug 12,boxscore,LAD,@,COL,L-wo,3,4,,64-55,2,1,Davis,Floro,,2:48,D,40559,---,
120,Monday Aug 13,boxscore,LAD,,SFG,L,2,5,,64-56,2,1,Black,Alexander,Smith,3:05,N,45229,----,
121,Tuesday Aug 14,boxscore,LAD,,SFG,L,1,2,,64-57,3,2,Dyson,Maeda,Smith,3:09,N,46734,-----,
122,Wednesday Aug 15,boxscore,LAD,,SFG,W-wo,4,3,12,65-57,2,1.5,Baez,Kelly,,4:05,N,44987,+,
123,Friday Aug 17,boxscore,LAD,@,SEA,W,11,1,,66-57,3,2,Buehler,LeBlanc,,2:44,N,46796,++,
124,Saturday Aug 18,boxscore,LAD,@,SEA,L-wo,4,5,10,66-58,3,2,Warren,Ferguson,,3:36,N,43264,-,
125,Sunday Aug 19,boxscore,LAD,@,SEA,W,12,1,,67-58,3,2,Kershaw,Elias,,3:12,D,45419,+,
126,Monday Aug 20,boxscore,LAD,,STL,L,3,5,,67-59,3,2.5,Cecil,Jansen,Norris,4:10,N,42402,-,
127,Tuesday Aug 21,boxscore,LAD,,STL,L,2,5,,67-60,3,3.5,Weaver,Ryu,Norris,3:25,N,43923,--,
128,Wednesday Aug 22,boxscore,LAD,,STL,L,1,3,,67-61,3,4.5,Hudson,Jansen,Hicks,3:02,N,48247,---,
129,Friday Aug 24,boxscore,LAD,,SDP,W,11,1,,68-61,3,3.5,Hill,Richard,,2:48,N,47559,+,
130,Saturday Aug 25,boxscore,LAD,,SDP,W-wo,5,4,12,69-61,3,2.5,Ferguson,Stock,,3:26,N,53528,++,
131,Sunday Aug 26,boxscore,LAD,,SDP,W,7,3,,70-61,3,2.5,Ryu,Erlin,,3:07,D,43252,+++,
132,Tuesday Aug 28,boxscore,LAD,@,TEX,W,8,4,,71-61,3,1,Ferguson,Jurado,,3:19,N,30123,++++,
133,Wednesday Aug 29,boxscore,LAD,@,TEX,W,3,1,,72-61,3,1,Wood,Minor,Maeda,2:49,N,29181,+++++,
134,Thursday Aug 30,boxscore,LAD,,ARI,L,1,3,,72-62,3,2,Ray,Hill,Boxberger,3:14,N,45150,-,
135,Friday Aug 31,boxscore,LAD,,ARI,W,3,2,,73-62,2,1,Floro,Greinke,Jansen,2:33,N,48965,+,
136,Saturday Sep 1,boxscore,LAD,,ARI,W,3,2,,74-62,1,Tied,Maeda,Bradley,Jansen,2:59,N,52394,++,
137,Sunday Sep 2,boxscore,LAD,,ARI,W-wo,3,2,,75-62,1,up 0.5,Jansen,Boxberger,,3:35,D,48517,+++,
138,Monday Sep 3,boxscore,LAD,,NYM,L,2,4,,75-63,2,0.5,Smith,Maeda,Gsellman,3:30,N,45206,-,
139,Tuesday Sep 4,boxscore,LAD,,NYM,W,11,4,,76-63,2,0.5,Hill,Vargas,,3:17,N,46651,+,
140,Wednesday Sep 5,boxscore,LAD,,NYM,L,3,7,,76-64,2,1.5,Wheeler,Ryu,,2:39,D,40317,-,
141,Friday Sep 7,boxscore,LAD,@,COL,W,4,2,,77-64,2,0.5,Kershaw,Rusin,Maeda,3:53,N,41547,+,
142,Saturday Sep 8,boxscore,LAD,@,COL,L,2,4,,77-65,2,1.5,Freeland,Buehler,Davis,2:41,N,47867,-,
143,Sunday Sep 9,boxscore,LAD,@,COL,W,9,6,,78-65,2,0.5,Hill,Anderson,Alexander,3:51,D,40157,+,
144,Monday Sep 10,boxscore,LAD,@,CIN,L,6,10,,78-66,2,1.5,Hughes,Wood,,3:23,N,12161,-,
145,Tuesday Sep 11,boxscore,LAD,@,CIN,L,1,3,,78-67,2,1.5,Castillo,Ryu,Iglesias,2:40,N,14964,--,
146,Wednesday Sep 12,boxscore,LAD,@,CIN,W,8,1,,79-67,2,1.5,Ferguson,DeSclafani,,3:10,D,15633,+,
147,Thursday Sep 13,boxscore,LAD,@,STL,W,9,7,,80-67,2,1.5,Kershaw,Gomber,,3:28,N,40997,++,
148,Friday Sep 14,boxscore,LAD,@,STL,W,3,0,,81-67,2,0.5,Buehler,Flaherty,Jansen,3:04,N,46036,+++,
149,Saturday Sep 15,boxscore,LAD,@,STL,W,17,4,,82-67,1,up 0.5,Hill,Gant,,3:32,D,45481,++++,
150,Sunday Sep 16,boxscore,LAD,@,STL,L,0,5,,82-68,2,0.5,Wainwright,Stripling,,3:20,N,45217,-,
151,Monday Sep 17,boxscore,LAD,,COL,W,8,2,,83-68,1,up 0.5,Ryu,Gray,,3:07,N,45970,+,
152,Tuesday Sep 18,boxscore,LAD,,COL,W-wo,3,2,10,84-68,1,up 1.5,Floro,Ottavino,,3:13,N,49537,++,
153,Wednesday Sep 19,boxscore,LAD,,COL,W,5,2,,85-68,1,up 2.5,Ferguson,Oberg,Jansen,3:05,N,50141,+++,
154,Friday Sep 21,boxscore,LAD,,SDP,L,3,5,,85-69,1,up 1.5,Lauer,Stripling,Yates,3:57,N,52458,-,
155,Saturday Sep 22,boxscore,LAD,,SDP,W,7,2,,86-69,1,up 1.5,Hill,Nix,Jansen,2:51,N,53536,+,
156,Sunday Sep 23,boxscore,LAD,,SDP,W,14,0,,87-69,1,up 1.5,Ryu,Lucchesi,,3:11,D,50250,++,
157,Monday Sep 24,boxscore,LAD,@,ARI,W,7,4,,88-69,1,up 1.5,Kershaw,Chafin,,3:33,N,26067,+++,
158,Tuesday Sep 25,boxscore,LAD,@,ARI,L-wo,3,4,,88-70,1,up 0.5,Boxberger,Maeda,,3:23,N,25774,-,
159,Wednesday Sep 26,boxscore,LAD,@,ARI,L,2,7,,88-71,2,0.5,Greinke,Stripling,,3:14,N,31149,--,
160,Friday Sep 28,boxscore,LAD,@,SFG,W,3,1,,89-71,2,1,Ryu,Bumgarner,Jansen,3:16,N,41167,+,
161,Saturday Sep 29,boxscore,LAD,@,SFG,W,10,6,,90-71,1,Tied,Wood,Melancon,,3:33,D,41768,++,
162,Sunday Sep 30,boxscore,LAD,@,SFG,W,15,0,,91-71,1,Tied,Hill,Suarez,,2:47,D,41280,+++,
163,Monday Oct 1,boxscore,LAD,,COL,W,5,2,,92-71,1,up 1.0,Buehler,Marquez,,3:21,D,47816,++++,
164,,boxscore,LAD,,ATL,W,6,0,,,,,,,,,,,,
165,,boxscore,LAD,,ATL,W,3,0,,,,,,,,,,,,
166,,boxscore,LAD,@,ATL,L,5,6,,,,,,,,,,,,
167,,boxscore,LAD,@,ATL,W,6,2,,,,,,,,,,,,
168,,boxscore,LAD,@,MIL,L,5,6,,,,,,,,,,,,
169,,boxscore,LAD,@,MIL,W,4,3,,,,,,,,,,,,
170,,boxscore,LAD,,MIL,L,0,4,,,,,,,,,,,,
171,,boxscore,LAD,,MIL,W,2,1,13,,,,,,,,,,,
172,,boxscore,LAD,,MIL,W,5,2,,,,,,,,,,,,
173,,boxscore,LAD,@,MIL,L,2,7,,,,,,,,,,,,
174,,boxscore,LAD,@,MIL,W,5,1,,,,,,,,,,,,
